{"cameraMode":{"drawMode":0,"name":"Shaded","section":"Shading Mode"},"sceneLighting":true,"audioPlay":false,"sceneViewState":{"m_AlwaysRefresh":true,"showFog":true,"showSkybox":true,"showFlares":true,"showImageEffects":true,"showParticleSystems":true,"showVisualEffectGraphs":true,"m_FxEnabled":true},"in2DMode":false,"pivot":{"x":1.6317611932754517,"y":-2.568049907684326,"z":-11.31230354309082},"rotation":{"x":0.012708628550171852,"y":0.9806407690048218,"z":-0.18332450091838838,"w":0.06807073205709458},"size":9.685330390930176,"orthographic":false}