{"cameraMode":{"drawMode":0,"name":"Shaded","section":"Shading Mode"},"sceneLighting":true,"audioPlay":false,"sceneViewState":{"m_AlwaysRefresh":true,"showFog":true,"showSkybox":true,"showFlares":true,"showImageEffects":true,"showParticleSystems":true,"showVisualEffectGraphs":true,"m_FxEnabled":true},"in2DMode":false,"pivot":{"x":-0.8531770706176758,"y":0.8808234930038452,"z":-0.5582754611968994},"rotation":{"x":-0.10858896374702454,"y":0.8911736607551575,"z":-0.29958978295326235,"w":-0.3229791522026062},"size":1.3511278629302979,"orthographic":false}